/content/acom/us/en/education/institutions,src_page
/content/acom/us/en/marketing-cloud/experience-manager/development-deployment,src_page
/content/acom/us/en/marketing-cloud/experience-manager/experience-manager-and-microsoft-dynamics,src_page
/content/acom/us/en/marketing-cloud/experience-manager/social-media-content-management,src_page
/content/acom/us/en/confirmation,src_page
/content/acom/us/en/creativecloud/web-app-design,src_page
/content/acom/us/en/creativecloud/students/make-it-with-creative-cloud,src_page
/content/acom/us/en/creativecloud/students,src_page
/content/acom/us/en/creativecloud/business/enterprise-plan,src_page
/content/acom/us/en/creativecloud/team-projects/features,src_page
/content/acom/us/en/about-adobe/inactive,src_page
/content/acom/us/en/customershowcase/story/netapp,src_page
/content/acom/us/en/customershowcase/story/sky,src_page
/content/acom/us/en/customershowcase/story/dell,src_page
/content/acom/us/en/customershowcase/story/state-of-hawaii,src_page
/content/acom/us/en/customershowcase/story/tourism-australia,src_page
/content/acom/us/en/customershowcase/story/academy-art,src_page
/content/acom/us/en/customershowcase/story/nissan,src_page
/content/acom/us/en/customershowcase/story/microsoft-test2,src_page
/content/acom/us/en/customershowcase/story/hotelscom,src_page
/content/acom/us/en/customershowcase/story/morningstar,src_page
/content/acom/us/en/customershowcase/story/telegraph-media,src_page
/content/acom/us/en/customershowcase/story/amway,src_page
/content/acom/us/en/customershowcase/story/virgin-holidays,src_page
/content/acom/us/en/customershowcase/story/london-heathrow,src_page
/content/acom/us/en/customershowcase/story/spar-ics,src_page
/content/acom/us/en/customershowcase/story/customer-detail-template-alt,src_page
/content/acom/us/en/customershowcase/story/story-detail-template-conde-nast,src_page
/content/acom/us/en/customershowcase/story/informatica,src_page
/content/acom/us/en/customershowcase/story/westjet,src_page
/content/acom/us/en/customershowcase/story/hostelworld,src_page
/content/acom/us/en/customershowcase/story/microsoft,src_page
/content/acom/us/en/customershowcase/story/der-touristik,src_page
/content/acom/us/en/customershowcase/story/progrexion,src_page
/content/acom/us/en/customershowcase/story/reliance-foundry,src_page
/content/acom/us/en/customershowcase/story/rs-components,src_page
/content/acom/us/en/customershowcase/story/nedbank,src_page
/content/acom/us/en/customershowcase/story/customer-detail-template,src_page
/content/acom/us/en/customershowcase/story/customer-detail-page,src_page
/content/acom/us/en/customershowcase/story,src_page
/content/acom/us/en/customershowcase/story/synopsys,src_page
/content/acom/us/en/customershowcase/story/philips,src_page
/content/acom/us/en/customershowcase/story/conde-nast,src_page
/content/acom/us/en/customershowcase/story/sas,src_page
/content/acom/us/en/customershowcase/story/story-detail-template-video-12062017,src_page
/content/acom/us/en/customershowcase/story/story-detail-template-11272017,src_page
/content/acom/us/en/customershowcase/story/t-mobile,src_page
/content/acom/us/en/customershowcase/story/zebra,src_page
/content/acom/us/en/customershowcase/test-delete,src_page
/content/acom/us/en/unsubscribe-unavailable,src_page
/content/acom/us/en/downloads/updates,src_page
/content/acom/us/en/downloads/other-downloads,src_page
/content/acom/us/en/howtobuy/buying-programs/clp-form,src_page
/content/acom/us/en/offers/hp-offers,src_page
/content/acom/us/en/offers/PhotoSerge,src_page
/content/acom/us/en/offers/cct-offer-landing,src_page
/content/acom/us/en/investor-relations/invalerts/confirmation,src_page
/content/acom/us/en/investor-relations/invalerts,src_page
/content/acom/us/en/subscription/Der_Adobe_Education_Newsletter/404_error,src_page
/content/acom/us/en/subscription/adobe_digital_edge_award_signup/404_Error,src_page
/content/acom/us/en/data-analytics-cloud/audience-manager/audience-segmentation,src_page
/content/acom/us/en/data-analytics-cloud/audience-manager/optimization,src_page
/content/acom/us/en/data-analytics-cloud/audience-manager/audience-activation,src_page
/content/acom/us/en/data-analytics-cloud/audience-manager/general-data-protection-regulation,src_page
/content/acom/us/en/data-analytics-cloud/audience-manager/learn-support,src_page
/content/acom/us/en/data-analytics-cloud/audience-manager,src_page
/content/acom/us/en/data-analytics-cloud/audience-manager/capabilities,src_page
/content/acom/us/en/data-analytics-cloud/audience-manager/resources,src_page
/content/acom/us/en/data-analytics-cloud/audience-manager/identity-management,src_page
/content/acom/us/en/data-analytics-cloud/audience-manager/customer-data-management,src_page
/content/acom/us/en/limited/apip,src_page
/content/acom/us/en/experience-cloud/events,src_page
/content/acom/us/en/solutions/ebook/rmsdk/faq,src_page
/content/acom/us/en/solutions/ebook/rmsdk,src_page
/content/acom/us/en/solutions/ebook/content-server/tech-specs,src_page
/content/acom/us/en/solutions/ebook/content-server/faq,src_page
/content/acom/us/en/solutions/ebook/content-server,src_page
/content/acom/us/en/solutions/ebook/digital-editions/sample-ebook-library,src_page
/content/acom/us/en/solutions/ebook/digital-editions/tech-specs,src_page
/content/acom/us/en/solutions/ebook/digital-editions/faq,src_page
/content/acom/us/en/solutions/ebook/digital-editions/release-notes,src_page
/content/acom/us/en/solutions/ebook/digital-editions,src_page
/content/acom/us/en/solutions/ebook/digital-editions/download,src_page
/content/acom/us/en/solutions/request-consultation/manufacturing,src_page
/content/acom/us/en/solutions/request-consultation/tech-comm-thank-you,src_page
/content/acom/us/en/solutions/request-consultation/life-sciences,src_page
/content/acom/us/en/solutions/request-consultation/education,src_page
/content/acom/us/en/solutions/request-consultation/elearning,src_page
/content/acom/us/en/solutions/request-consultation/industry-vertical,src_page
/content/acom/us/en/solutions/request-consultation/tech-comm,src_page
/content/acom/us/en/solutions/request-consultation/open-options,src_page
/content/acom/us/en/solutions/request-consultation/financial-services,src_page
/content/acom/us/en/solutions/request-consultation/captivate,src_page
/content/acom/us/en/communities/index,src_page
/content/acom/us/en/communities/user-groups,src_page
/content/acom/us/en/products/media-server/download-trial/get-started,src_page
/content/acom/us/en/products/adobe-extension-builder/tech-specs,src_page
/content/acom/us/en/products/adobe-extension-builder/features,src_page
/content/acom/us/en/products/adobe-extension-builder/faq,src_page
/content/acom/us/en/products/adobe-extension-builder,src_page
/content/acom/us/en/products/framemakerpublishingserver/download-trial/get-started,src_page
/content/acom/us/en/products/project-felix/features,src_page
/content/acom/us/en/products/project-felix,src_page
/content/acom/us/en/products/flash-builder-php-standard/buying-guide,src_page
/content/acom/us/en/products/flash-builder-php-standard/tech-specs,src_page
/content/acom/us/en/products/flash-builder-php-standard/features,src_page
/content/acom/us/en/products/flash-builder-php-standard/showcase,src_page
/content/acom/us/en/products/flash-builder-php-standard/faq,src_page
/content/acom/us/en/products/flash-builder-php-standard,src_page
/content/acom/us/en/products/flash-builder-php-standard/buying-guide-displayTab2,src_page
/content/acom/us/en/products/fireworks,src_page
/content/acom/us/en/products/technicalcommunicationsuite/university-outreach,src_page
/content/acom/us/en/products/technicalcommunicationsuite/education,src_page
/content/acom/us/en/products/technicalcommunicationsuite/whitepaper-test/thank-you,src_page
/content/acom/us/en/products/technicalcommunicationsuite/whitepaper-test,src_page
/content/acom/us/en/products/technicalcommunicationsuite/buying-guide,src_page
/content/acom/us/en/products/technicalcommunicationsuite/reviews,src_page
/content/acom/us/en/products/technicalcommunicationsuite/download-trial/get-started,src_page
/content/acom/us/en/products/technicalcommunicationsuite/download-trial/try,src_page
/content/acom/us/en/products/technicalcommunicationsuite/download-trial,src_page
/content/acom/us/en/products/technicalcommunicationsuite/download-trial/keep-learning,src_page
/content/acom/us/en/products/technicalcommunicationsuite/features,src_page
/content/acom/us/en/products/technicalcommunicationsuite/tech-comm-dmb,src_page
/content/acom/us/en/products/technicalcommunicationsuite/tech-comm-dmb/tech-comm-dmb-thank-you,src_page
/content/acom/us/en/products/technicalcommunicationsuite/vipdownload,src_page
/content/acom/us/en/products/technicalcommunicationsuite,src_page
/content/acom/us/en/products/technicalcommunicationsuite/learn-more,src_page
/content/acom/us/en/products/technicalcommunicationsuite/features-all,src_page
/content/acom/us/en/products/technicalcommunicationsuite/resources,src_page
/content/acom/us/en/products/type/backup_community-translation,src_page
/content/acom/us/en/products/type/opentype/opentype-T1-faq,src_page
/content/acom/us/en/products/type/opentype/opentype-faq,src_page
/content/acom/us/en/products/type/opentype/opentype-fonts-information,src_page
/content/acom/us/en/products/type/opentype,src_page
/content/acom/us/en/products/type/opentype/opentype-mm,src_page
/content/acom/us/en/products/type/adobe-type-references-tips/bibliography,src_page
/content/acom/us/en/products/type/font-licensing/restricted-fonts,src_page
/content/acom/us/en/products/type/font-licensing/font-licensing-info,src_page
/content/acom/us/en/products/type/font-licensing/licensing-faq,src_page
/content/acom/us/en/products/type/font-licensing/additional-license-rights,src_page
/content/acom/us/en/products/type/font-licensing,src_page
/content/acom/us/en/products/type/font-licensing/font-embedding-permissions,src_page
/content/acom/us/en/products/type/font-licensing/end-user-licensing-agreements,src_page
/content/acom/us/en/products/type/adobe-type-originals,src_page
/content/acom/us/en/products/type/creative-cloud-fonts,src_page
/content/acom/us/en/products/type/font-information/Adobe-Kannada-Readme,src_page
/content/acom/us/en/products/type/font-information/Source-Sans-Pro-Readme-file,src_page
/content/acom/us/en/products/type/font-information/source-code-pro-readme-file,src_page
/content/acom/us/en/products/type/font-information/Adobe-Bengali-Readme,src_page
/content/acom/us/en/products/type/font-information,src_page
/content/acom/us/en/products/type/typekit-tiers,src_page
/content/acom/us/en/products/type/font-team,src_page
/content/acom/us/en/products/type/font-designers/john-benson,src_page
/content/acom/us/en/products/type/font-designers/lynne-garell,src_page
/content/acom/us/en/products/type/font-designers/miguel-sousa,src_page
/content/acom/us/en/products/type/font-designers/fernando-mello,src_page
/content/acom/us/en/products/type/font-designers/fiona-ross,src_page
/content/acom/us/en/products/type/font-designers/viktor-solt-bittner,src_page
/content/acom/us/en/products/type/font-designers/lance-hidy,src_page
/content/acom/us/en/products/type/font-designers/akira-kobayashi,src_page
/content/acom/us/en/products/type/font-designers/julian-waters,src_page
/content/acom/us/en/products/type/font-designers/michael-want,src_page
/content/acom/us/en/products/type/font-designers/david-brezina,src_page
/content/acom/us/en/products/type/font-designers/jovica-veljovic,src_page
/content/acom/us/en/products/type/font-designers/joy-redick,src_page
/content/acom/us/en/products/type/font-designers/paul-hunt,src_page
/content/acom/us/en/products/type/font-designers/jim-wasco,src_page
/content/acom/us/en/products/type/font-designers/cleo-huggins,src_page
/content/acom/us/en/products/type/font-designers/alan-blackman,src_page
/content/acom/us/en/products/type/font-designers/robert-slimbach,src_page
/content/acom/us/en/products/type/font-designers/rick-cusick,src_page
/content/acom/us/en/products/type/font-designers/mark-jamra,src_page
/content/acom/us/en/products/type/font-designers/vaibhav-singh,src_page
/content/acom/us/en/products/type/font-designers/thomas-phinney,src_page
/content/acom/us/en/products/type/font-designers/frank-griesshammer,src_page
/content/acom/us/en/products/type/font-designers/jim-parkinson,src_page
/content/acom/us/en/products/type/font-designers/john-hudson,src_page
/content/acom/us/en/products/type/font-designers/neelakash-kshetrimayum,src_page
/content/acom/us/en/products/type/font-designers/richard-lipton,src_page
/content/acom/us/en/products/type/font-designers/christopher-slye,src_page
/content/acom/us/en/products/type/font-designers/carl-crossgrove,src_page
/content/acom/us/en/products/type/font-designers/michael-harvey,src_page
/content/acom/us/en/products/type/font-designers/masahiko-kozuka,src_page
/content/acom/us/en/products/type/font-designers/craig-frazier,src_page
/content/acom/us/en/products/type/font-designers/carol-twombly,src_page
/content/acom/us/en/products/type/font-designers/tim-donaldson,src_page
/content/acom/us/en/products/type/font-designers/erin-mclaughlin,src_page
/content/acom/us/en/products/type/font-designers/david-siegel,src_page
/content/acom/us/en/products/type/font-designers/ryoko-nishizuka,src_page
/content/acom/us/en/products/type/font-designers,src_page
/content/acom/us/en/products/type/font-designers/joachim-muller-lance,src_page
/content/acom/us/en/products/type/font-designers/min-wang,src_page
/content/acom/us/en/products/type/font-designers/mario-feliciano,src_page
/content/acom/us/en/products/type/font-designers/tim-holloway,src_page
/content/acom/us/en/products/type/font-designers/laurie-szujewska,src_page
/content/acom/us/en/products/type/font-designers/jeremy-tankard,src_page
/content/acom/us/en/products/coldfusion/download-trial/get-started,src_page
/content/acom/us/en/products/flashplayer/distribution3,src_page
/content/acom/us/en/products/flashplayer/about_test/aboutv6,src_page
/content/acom/us/en/products/flashplayer/about_test/aboutv7,src_page
/content/acom/us/en/products/flashplayer/about_test/aboutv5,src_page
/content/acom/us/en/products/flashplayer/about_test/aboutv3,src_page
/content/acom/us/en/products/flashplayer/about_test/about_proto,src_page
/content/acom/us/en/products/flashplayer/about_test/aboutv4,src_page
/content/acom/us/en/products/flashplayer/about_test/about,src_page
/content/acom/us/en/products/flashplayer/about_test,src_page
/content/acom/us/en/products/flashplayer/about_test/aboutv2,src_page
/content/acom/us/en/products/edge-inspect,src_page
/content/acom/us/en/products/flash-media-playback/hosting-partners,src_page
/content/acom/us/en/products/xmp/partners,src_page
/content/acom/us/en/products/xmp/white-papers,src_page
/content/acom/us/en/products/xmp/standards,src_page
/content/acom/us/en/products/xmp,src_page
/content/acom/us/en/products/framemaker/download-trial/get-started,src_page
/content/acom/us/en/products/edge-animate,src_page
/content/acom/us/en/products/premiere-clip/faq-support,src_page
/content/acom/us/en/products/premiere-clip,src_page
/content/acom/us/en/products/digital-publishing-solution/features,src_page
/content/acom/us/en/products/digital-publishing-solution/customer-success,src_page
/content/acom/us/en/products/fontfolio/buying-guide,src_page
/content/acom/us/en/products/fontfolio/tech-specs,src_page
/content/acom/us/en/products/fontfolio/features,src_page
/content/acom/us/en/products/fontfolio/faq,src_page
/content/acom/us/en/products/fontfolio,src_page
/content/acom/us/en/products/wishform,src_page
/content/acom/us/en/products/hue,src_page
/content/acom/us/en/products/special-offers/affinity-pop,src_page
/content/acom/us/en/products/lightroom-mobile,src_page
/content/acom/us/en/products/edge-reflow,src_page
/content/acom/us/en/products/director/download-trial/get-started,src_page
/content/acom/us/en/products/director/download-trial/try,src_page
/content/acom/us/en/products/director/download-trial,src_page
/content/acom/us/en/products/director/download-trial/keep-learning,src_page
/content/acom/us/en/products/flash-builder-family/buying-guide,src_page
/content/acom/us/en/products/flash-builder-family/buying-guide-displayTab2,src_page
/content/acom/us/en/products/flex/extend-displayTab2,src_page
/content/acom/us/en/products/fontfoliofamily/family-buying-guide,src_page
/content/acom/us/en/products/fontfoliofamily,src_page
/content/acom/us/en/products/flash/features,src_page
/content/acom/us/en/products/flash/versions,src_page
/content/acom/us/en/products/designtoprint/signup/thank-you,src_page
/content/acom/us/en/products/designtoprint/signup,src_page
/content/acom/us/en/products/xml-documentation-for-experience-manager/request-demo-dmb/thank-you,src_page
/content/acom/us/en/products/xml-documentation-for-experience-manager/request-demo-dmb,src_page
/content/acom/us/en/products/xml-documentation-for-experience-manager/request-demo/thank-you,src_page
/content/acom/us/en/products/xml-documentation-for-experience-manager/request-demo,src_page
/content/acom/us/en/products/xml-documentation-for-experience-manager/dita-ccms,src_page
/content/acom/us/en/products/xml-documentation-for-experience-manager/learn-more,src_page
/content/acom/us/en/products/amazon-web-services/tech-specs,src_page
/content/acom/us/en/products/amazon-web-services/faq,src_page
/content/acom/us/en/products/amazon-web-services/pricing,src_page
/content/acom/us/en/products/elements-family/photoshop-elements/download-trial/get-started,src_page
/content/acom/us/en/products/elements-family/premiere-elements/download-trial/get-started,src_page
/content/acom/us/en/products/indesignserver/features,src_page
/content/acom/us/en/products/indesignserver/buying-guide-displayTab2,src_page
/content/acom/us/en/products/edge-code,src_page
/content/acom/us/en/products/adobedrive,src_page
/content/acom/us/en/products/robohelp-server/download-trial/get-started,src_page
/content/acom/us/en/products/flash-builder-standard/tech-specs,src_page
/content/acom/us/en/products/flash-builder-standard/showcase,src_page
/content/acom/us/en/products/flash-builder-standard/faq,src_page
/content/acom/us/en/products/flash-builder-standard/buying-guide-displayTab2,src_page
/content/acom/us/en/products/livecycle/modules,src_page
/content/acom/us/en/products/livecycle/modules-displayTab3,src_page
/content/acom/us/en/products/livecycle/mobile,src_page
/content/acom/us/en/products/livecycle/showcase,src_page
/content/acom/us/en/products/livecycle/rightsmanagement/extension/downloads,src_page
/content/acom/us/en/products/livecycle/rightsmanagement/extension,src_page
/content/acom/us/en/products/livecycle/rightsmanagement,src_page
/content/acom/us/en/products/livecycle/tools/designer,src_page
/content/acom/us/en/products/livecycle/tools,src_page
/content/acom/us/en/products/livecycle,src_page
/content/acom/us/en/products/livecycle/modules-displayTab2,src_page
/content/acom/us/en/products/livecycle/upgrade,src_page
/content/acom/us/en/products/flash-builder-php/buying-guide,src_page
/content/acom/us/en/products/flash-builder-php/tech-specs,src_page
/content/acom/us/en/products/flash-builder-php/features,src_page
/content/acom/us/en/products/flash-builder-php/showcase,src_page
/content/acom/us/en/products/flash-builder-php/faq,src_page
/content/acom/us/en/products/flash-builder-php/features_backup,src_page
/content/acom/us/en/products/flash-builder-php,src_page
/content/acom/us/en/products/flash-builder-php/buying-guide-displayTab2,src_page
/content/acom/us/en/products/coldfusion-builder/download-trial/get-started,src_page
/content/acom/us/en/products/robohelp/download-trial/get-started,src_page
/content/acom/us/en/products/adobeconnect/contact-thankyou,src_page
/content/acom/us/en/products/adobeconnect/trial-check,src_page
/content/acom/us/en/products/adobeconnect/trial-unavailable,src_page
/content/acom/us/en/products/adobeconnect/enterprise/trial-check,src_page
/content/acom/us/en/products/adobeconnect/enterprise/trial-thankyou,src_page
/content/acom/us/en/products/adobeconnect/enterprise/trial-error,src_page
/content/acom/us/en/products/adobeconnect/trial-thankyou,src_page
/content/acom/us/en/products/adobeconnect/trial-error,src_page
/content/acom/us/en/products/adobeconnect/contact,src_page
/content/acom/us/en/products/captivate/download-trial/get-started,src_page
/content/acom/us/en/products/captivate/direct-download/thank-you,src_page
/content/acom/us/en/products/captivate/direct-download,src_page
/content/acom/us/en/products/captivate/vipdownload,src_page
/content/acom/us/en/products/captivateprime/content-rfi/thank-you,src_page
/content/acom/us/en/products/captivateprime/content-rfi,src_page
/content/acom/us/en/products/players/shockwave-player-licensing-distribution,src_page
/content/acom/us/en/products/presenter/download-trial/get-started,src_page
/content/acom/us/en/products/presenter/vipdownload,src_page
/content/acom/us/en/products/pricing-info/cc-pricing-info,src_page
/content/acom/us/en/products/request-consultation/connect-gov,src_page
/content/acom/us/en/products/request-consultation/life-sciences,src_page
/content/acom/us/en/products/request-consultation/coldfusion,src_page
/content/acom/us/en/products/request-consultation/marketing-cloud,src_page
/content/acom/us/en/products/request-consultation/marketo-bdr,src_page
/content/acom/us/en/products/request-consultation/connect-oem,src_page
/content/acom/us/en/products/request-consultation/connect-learning,src_page
/content/acom/us/en/products/request-consultation/adobeanywhere,src_page
/content/acom/us/en/products/request-consultation/marketo-thank-you,src_page
/content/acom/us/en/products/request-consultation/connect-meetings,src_page
/content/acom/us/en/products/request-consultation/adobe-access-trial-thankyou,src_page
/content/acom/us/en/products/request-consultation/creative-cloud-video-pro,src_page
/content/acom/us/en/products/request-consultation/adobe-access,src_page
/content/acom/us/en/products/request-consultation/connect-pro,src_page
/content/acom/us/en/products/request-consultation/test/marketing-cloud,src_page
/content/acom/us/en/products/request-consultation/test/government,src_page
/content/acom/us/en/products/request-consultation/test,src_page
/content/acom/us/en/products/request-consultation/test/connect,src_page
/content/acom/us/en/products/request-consultation/lcsolutions,src_page
/content/acom/us/en/products/request-consultation/marketing-cloud-modal,src_page
/content/acom/us/en/products/request-consultation/captivate-prime,src_page
/content/acom/us/en/products/request-consultation/live-virtual-learning-josh-bersin,src_page
/content/acom/us/en/products/request-consultation/live-virtual-learning-josh-bersin/thankyou,src_page
/content/acom/us/en/products/request-consultation/phonegap,src_page
/content/acom/us/en/products/request-consultation/adobe-media-server,src_page
/content/acom/us/en/products/request-consultation/creative-cloud1,src_page
/content/acom/us/en/products/request-consultation/test-multi-id,src_page
/content/acom/us/en/products/request-consultation/livecycle-oem,src_page
/content/acom/us/en/products/request-consultation/adobe-access-trial,src_page
/content/acom/us/en/products/request-consultation/thankyou,src_page
/content/acom/us/en/products/request-consultation/connect,src_page
/content/acom/us/en/products/request-consultation/creative-cloud,src_page
/content/acom/us/en/products/request-consultation/connect-webinars,src_page
/content/acom/us/en/products/photoshop-lightroom-classic/lightroom-cc-vs-lightroom-classic,src_page
/content/acom/us/en/products/shockwaveplayer/reviews,src_page
/content/acom/us/en/products/shockwaveplayer/shockwaveplayerstatistics,src_page
/content/acom/us/en/products/shape,src_page
/content/acom/us/en/fragments/textandimage/trial-legal-text/marketing,_frag
/content/acom/us/en/fragments/textandimage/trial-legal-text/nonmarketing,extra_frag
/content/acom/us/en/fragments/textandimage/education/edu-ste-eligibility-students,extra_frag
/content/acom/us/en/fragments/textandimage/education/modal/edu-ste-eligibility-students,extra_frag
/content/acom/us/en/fragments/textandimage/education/edu-ste-eligibility-teachers,extra_frag
/content/acom/us/en/fragments/textandimage/cc-segment-pods/segment-ae-single-app,extra_frag
/content/acom/us/en/fragments/textandimage/cc-segment-pods/segment-photography-plan-storage,extra_frag
/content/acom/us/en/fragments/textandimage/cc-segment-pods/segment-ps-single-app,extra_frag
/content/acom/us/en/fragments/textandimage/cc-segment-pods/segment-pr-single-app,extra_frag
/content/acom/us/en/fragments/textandimage/cr/foundation,extra_frag
/content/acom/us/en/fragments/textandimage/elements/Elements-Trials-family,extra_frag
/content/acom/us/en/fragments/textandimage/elements/Elements-Trials-PSE,extra_frag
/content/acom/us/en/fragments/textandimage/elements/Elements-Trials-PRE,extra_frag
/content/acom/us/en/fragments/buypod/elements/photoshop-elements,extra_frag
